year_extracted,month_extracted,total_revenue,order_volume
2010,1,11581.310000000005,3068
2010,2,4004.069999999973,1262
2010,12,5.9399999999999995,2
